[{"id":"62895600000048@s.whatsapp.net","limit":3},{"id":"6281281363886@s.whatsapp.net","limit":3},{"id":"6285763782532@s.whatsapp.net","limit":0},{"id":"6285325475613@s.whatsapp.net","limit":3},{"id":"6282167691525@s.whatsapp.net","limit":3},{"id":"6285216396473@s.whatsapp.net","limit":3},{"id":"6283144270119@s.whatsapp.net","limit":0},{"id":"6285320169186@s.whatsapp.net","limit":3},{"id":"6283867756680@s.whatsapp.net","limit":0},{"id":"6285930949846@s.whatsapp.net","limit":2},{"id":"6287743050570@s.whatsapp.net","limit":3},{"id":"6285321884352@s.whatsapp.net","limit":2},{"id":"6288227541802@s.whatsapp.net","limit":3},{"id":"6285777679088@s.whatsapp.net","limit":0},{"id":"62895345802669@s.whatsapp.net","limit":3},{"id":"6282132957830@s.whatsapp.net","limit":3},{"id":"6281573430745@s.whatsapp.net","limit":2},{"id":"6281227225453@s.whatsapp.net","limit":2},{"id":"6285157448454@s.whatsapp.net","limit":3},{"id":"6281293183774@s.whatsapp.net","limit":3},{"id":"6281286696149@s.whatsapp.net","limit":3},{"id":"6287771262725@s.whatsapp.net","limit":3},{"id":"6285155154473@s.whatsapp.net","limit":2},{"id":"6289611457856@s.whatsapp.net","limit":3},{"id":"62895330034175@s.whatsapp.net","limit":2},{"id":"6285157740228@s.whatsapp.net","limit":0},{"id":"6282162220003@s.whatsapp.net","limit":3},{"id":"6282223334912@s.whatsapp.net","limit":1},{"id":"6285943048039@s.whatsapp.net","limit":3},{"id":"62895611862259@s.whatsapp.net","limit":3},{"id":"628123251875@s.whatsapp.net","limit":3},{"id":"62882021497355@s.whatsapp.net","limit":0},{"id":"6289653347020@s.whatsapp.net","limit":0},{"id":"6289684084271@s.whatsapp.net","limit":0},{"id":"6281223764737@s.whatsapp.net","limit":3},{"id":"6281298498159@s.whatsapp.net","limit":3},{"id":"62895379254854@s.whatsapp.net","limit":3},{"id":"6282227420602@s.whatsapp.net","limit":3},{"id":"6288289581648@s.whatsapp.net","limit":3},{"id":"6289692650419@s.whatsapp.net","limit":3},{"id":"62816576114@s.whatsapp.net","limit":3},{"id":"6285942970444@s.whatsapp.net","limit":0},{"id":"6285951467721@s.whatsapp.net","limit":3},{"id":"6285156154102@s.whatsapp.net","limit":3},{"id":"6289654754465@s.whatsapp.net","limit":3},{"id":"6281398244966@s.whatsapp.net","limit":1},{"id":"6289636324602@s.whatsapp.net","limit":3},{"id":"6289522971917@s.whatsapp.net","limit":2},{"id":"6281366039848@s.whatsapp.net","limit":3},{"id":"6282341962165@s.whatsapp.net","limit":2},{"id":"6282183526140@s.whatsapp.net","limit":3},{"id":"6283148782683@s.whatsapp.net","limit":3},{"id":"6281617539378@s.whatsapp.net","limit":0},{"id":"6281320346751@s.whatsapp.net","limit":3},{"id":"6281328213875@s.whatsapp.net","limit":3},{"id":"6282232616659@s.whatsapp.net","limit":3},{"id":"6282213168259@s.whatsapp.net","limit":3},{"id":"6281323235867@s.whatsapp.net","limit":0},{"id":"6285750276308@s.whatsapp.net","limit":1},{"id":"6281316059901@s.whatsapp.net","limit":2},{"id":"62895417573456@s.whatsapp.net","limit":3},{"id":"6285327921344@s.whatsapp.net","limit":3},{"id":"6285157004524@s.whatsapp.net","limit":3},{"id":"6289513996332@s.whatsapp.net","limit":0},{"id":"6285707557065@s.whatsapp.net","limit":3},{"id":"6285708082375@s.whatsapp.net","limit":1},{"id":"6285772629894@s.whatsapp.net","limit":1},{"id":"62881025797229@s.whatsapp.net","limit":3},{"id":"6287852482480@s.whatsapp.net","limit":3},{"id":"6285692625931@s.whatsapp.net","limit":0},{"id":"6285806446997@s.whatsapp.net","limit":3},{"id":"6282223044297@s.whatsapp.net","limit":3},{"id":"628385536603@s.whatsapp.net","limit":2},{"id":"6287883168702@s.whatsapp.net","limit":0},{"id":"6285721132519@s.whatsapp.net","limit":2},{"id":"6285692931631@s.whatsapp.net","limit":3},{"id":"6289512754991@s.whatsapp.net","limit":2},{"id":"6289636423883@s.whatsapp.net","limit":3},{"id":"6282334745155@s.whatsapp.net","limit":2},{"id":"6285826623153@s.whatsapp.net","limit":1},{"id":"6281283231519@s.whatsapp.net","limit":2},{"id":"6282323960969@s.whatsapp.net","limit":3},{"id":"6285772239015@s.whatsapp.net","limit":3},{"id":"6285156545003@s.whatsapp.net","limit":3},{"id":"6285779128566@s.whatsapp.net","limit":1},{"id":"6289603425223@s.whatsapp.net","limit":2},{"id":"6287714673803@s.whatsapp.net","limit":3},{"id":"6287856415582@s.whatsapp.net","limit":3},{"id":"62859106660593@s.whatsapp.net","limit":3},{"id":"6283826366472@s.whatsapp.net","limit":1},{"id":"6283831326738@s.whatsapp.net","limit":3},{"id":"120363028339667756@g.us","limit":3},{"id":"6285156237052@s.whatsapp.net","limit":3},{"id":"6289515703893@s.whatsapp.net","limit":3},{"id":"6285894617600@s.whatsapp.net","limit":3},{"id":"6288292060756@s.whatsapp.net","limit":3},{"id":"6285333671243@s.whatsapp.net","limit":3},{"id":"628972440804@s.whatsapp.net","limit":2},{"id":"6287821975624@s.whatsapp.net","limit":2},{"id":"6282275889598@s.whatsapp.net","limit":3},{"id":"6285156278482@s.whatsapp.net","limit":1},{"id":"6287720575551@s.whatsapp.net","limit":3},{"id":"6281541423999@s.whatsapp.net","limit":2},{"id":"6281563815102@s.whatsapp.net","limit":2},{"id":"6281280376404@s.whatsapp.net","limit":1},{"id":"6285959988868@s.whatsapp.net","limit":0},{"id":"6281276641132@s.whatsapp.net","limit":3},{"id":"6285942147738@s.whatsapp.net","limit":0},{"id":"6285775031477@s.whatsapp.net","limit":3},{"id":"6281394284570@s.whatsapp.net","limit":0},{"id":"6281211575466@s.whatsapp.net","limit":0},{"id":"62823222014416@s.whatsapp.net","limit":3},{"id":"6281515794030@s.whatsapp.net","limit":3},{"id":"6282223418028@s.whatsapp.net","limit":3},{"id":"628113048400@s.whatsapp.net","limit":3},{"id":"6281225802556@s.whatsapp.net","limit":3},{"id":"62895332210324@s.whatsapp.net","limit":2},{"id":"6281802044300@s.whatsapp.net","limit":3},{"id":"628990939940@s.whatsapp.net","limit":3},{"id":"6281298720990@s.whatsapp.net","limit":2},{"id":"6281990988804@s.whatsapp.net","limit":0},{"id":"6281270338527@s.whatsapp.net","limit":0},{"id":"6282134917046@s.whatsapp.net","limit":3},{"id":"62895408158585@s.whatsapp.net","limit":1},{"id":"6287777274655@s.whatsapp.net","limit":3},{"id":"6285333717199@s.whatsapp.net","limit":3},{"id":"6285772847770@s.whatsapp.net","limit":2},{"id":"6287733151286@s.whatsapp.net","limit":2},{"id":"6285270879558@s.whatsapp.net","limit":3},{"id":"6285835677489@s.whatsapp.net","limit":3},{"id":"6281284291848@s.whatsapp.net","limit":0},{"id":"6283145389806@s.whatsapp.net","limit":2},{"id":"6285649456141@s.whatsapp.net","limit":3},{"id":"120363046183039975@g.us","limit":3},{"id":"6281514025146@s.whatsapp.net","limit":0},{"id":"6285781017244@s.whatsapp.net","limit":0},{"id":"6285724532893@s.whatsapp.net","limit":0},{"id":"6288706337363@s.whatsapp.net","limit":3},{"id":"6285794187465@s.whatsapp.net","limit":0},{"id":"6289515492006@s.whatsapp.net","limit":3},{"id":"66995476708@s.whatsapp.net","limit":3},{"id":"6285756713318@s.whatsapp.net","limit":3},{"id":"6282244589492@s.whatsapp.net","limit":3},{"id":"6285695566687@s.whatsapp.net","limit":3},{"id":"6289513716046@s.whatsapp.net","limit":1},{"id":"6281902364196@s.whatsapp.net","limit":1},{"id":"6281280765512@s.whatsapp.net","limit":3},{"id":"6285883675784@s.whatsapp.net","limit":3},{"id":"6285903101205@s.whatsapp.net","limit":3},{"id":"6289628182846@s.whatsapp.net","limit":3},{"id":"6285161915169@s.whatsapp.net","limit":3},{"id":"6285862880247@s.whatsapp.net","limit":3},{"id":"6283800700542@s.whatsapp.net","limit":0},{"id":"6285781599624@s.whatsapp.net","limit":0},{"id":"6285155456647@s.whatsapp.net","limit":3},{"id":"62895806555571@s.whatsapp.net","limit":0},{"id":"6282258359187@s.whatsapp.net","limit":3},{"id":"6282143145280@s.whatsapp.net","limit":0},{"id":"6285282403053@s.whatsapp.net","limit":3},{"id":"6283891474248@s.whatsapp.net","limit":3},{"id":"6285726068247@s.whatsapp.net","limit":0},{"id":"6285156576694@s.whatsapp.net","limit":2},{"id":"85585418450@s.whatsapp.net","limit":3},{"id":"6281273034270@s.whatsapp.net","limit":0},{"id":"6282180966828@s.whatsapp.net","limit":0},{"id":"6283841351704@s.whatsapp.net","limit":3},{"id":"6281287421991@s.whatsapp.net","limit":3},{"id":"6285752083533@s.whatsapp.net","limit":3},{"id":"6287869163881@s.whatsapp.net","limit":3},{"id":"6283854529074@s.whatsapp.net","limit":3},{"id":"6285803203658@s.whatsapp.net","limit":3},{"id":"6281364518830@s.whatsapp.net","limit":3},{"id":"6285163546344@s.whatsapp.net","limit":3},{"id":"6289603593472@s.whatsapp.net","limit":3},{"id":"6283180397706@s.whatsapp.net","limit":2},{"id":"6281316476654@s.whatsapp.net","limit":3},{"id":"62895618637736@s.whatsapp.net","limit":2},{"id":"6282143981565@s.whatsapp.net","limit":2},{"id":"6282132072780@s.whatsapp.net","limit":2},{"id":"62895357769085@s.whatsapp.net","limit":3},{"id":"6281273487951@s.whatsapp.net","limit":2},{"id":"6285205146561@s.whatsapp.net","limit":3},{"id":"6281210972630@s.whatsapp.net","limit":3},{"id":"6282287188839@s.whatsapp.net","limit":1},{"id":"6281229970131@s.whatsapp.net","limit":3},{"id":"6282165590429@s.whatsapp.net","limit":3},{"id":"628877376911@s.whatsapp.net","limit":3},{"id":"6285941194624@s.whatsapp.net","limit":3},{"id":"62895366026801@s.whatsapp.net","limit":3},{"id":"6281362180817@s.whatsapp.net","limit":1},{"id":"6281414271892@s.whatsapp.net","limit":3},{"id":"6289671041210@s.whatsapp.net","limit":2},{"id":"62895622526306@s.whatsapp.net","limit":3},{"id":"6289531454156@s.whatsapp.net","limit":0},{"id":"6288223519781@s.whatsapp.net","limit":3},{"id":"18064919746@s.whatsapp.net","limit":3},{"id":"6282121216644@s.whatsapp.net","limit":1},{"id":"6283811446925@s.whatsapp.net","limit":3},{"id":"6285864967146@s.whatsapp.net","limit":3},{"id":"6281349765516@s.whatsapp.net","limit":3},{"id":"6285869151512@s.whatsapp.net","limit":3},{"id":"6285156256173@s.whatsapp.net","limit":3},{"id":"6282265172323@s.whatsapp.net","limit":3},{"id":"6283150346694@s.whatsapp.net","limit":3},{"id":"6285892890691@s.whatsapp.net","limit":3},{"id":"6289694999171@s.whatsapp.net","limit":3},{"id":"6281230657526@s.whatsapp.net","limit":3},{"id":"6282321515712@s.whatsapp.net","limit":3},{"id":"6289601356662@s.whatsapp.net","limit":3},{"id":"6285282609948@s.whatsapp.net","limit":3},{"id":"6282278777215@s.whatsapp.net","limit":3},{"id":"6282229747644@s.whatsapp.net","limit":3},{"id":"6281392490847@s.whatsapp.net","limit":3},{"id":"6289517795492@s.whatsapp.net","limit":3},{"id":"62859106683676@s.whatsapp.net","limit":3},{"id":"6285156874250@s.whatsapp.net","limit":3},{"id":"6281290053372@s.whatsapp.net","limit":2},{"id":"6283892323593@s.whatsapp.net","limit":3},{"id":"6285155187725@s.whatsapp.net","limit":3},{"id":"6281388401193@s.whatsapp.net","limit":3},{"id":"6281617364277@s.whatsapp.net","limit":3},{"id":"6285647992277@s.whatsapp.net","limit":3},{"id":"19709739624@s.whatsapp.net","limit":3},{"id":"6289601333540@s.whatsapp.net","limit":3},{"id":"6283108780224@s.whatsapp.net","limit":0},{"id":"6285819798243@s.whatsapp.net","limit":3},{"id":"6281573556304@s.whatsapp.net","limit":3},{"id":"6285774326540@s.whatsapp.net","limit":3},{"id":"628999418839@s.whatsapp.net","limit":3},{"id":"6281395861695@s.whatsapp.net","limit":3},{"id":"6285756840998@s.whatsapp.net","limit":3},{"id":"6285691208722@s.whatsapp.net","limit":3},{"id":"6289619054359@s.whatsapp.net","limit":3},{"id":"6285156322548@s.whatsapp.net","limit":3},{"id":"6285156373967@s.whatsapp.net","limit":3},{"id":"6285158675669@s.whatsapp.net","limit":3},{"id":"6285729999033@s.whatsapp.net","limit":3},{"id":"6285797119507@s.whatsapp.net","limit":3},{"id":"6285156458571@s.whatsapp.net","limit":3},{"id":"628315896825@s.whatsapp.net","limit":2},{"id":"6289626032936@s.whatsapp.net","limit":3},{"id":"6283817325138@s.whatsapp.net","limit":3},{"id":"6289633070189@s.whatsapp.net","limit":3},{"id":"15717812178@s.whatsapp.net","limit":3},{"id":"120363045195297594@g.us","limit":3},{"id":"6281296980105@s.whatsapp.net","limit":3},{"id":"6285831470264@s.whatsapp.net","limit":3},{"id":"6285649123445@s.whatsapp.net","limit":3},{"id":"6281316348526@s.whatsapp.net","limit":3},{"id":"6285707903853@s.whatsapp.net","limit":3},{"id":"120363028317029306@g.us","limit":3},{"id":"6289687656908@s.whatsapp.net","limit":3},{"id":"6288291407586@s.whatsapp.net","limit":3},{"id":"6281311377571@s.whatsapp.net","limit":3},{"id":"6281234254717@s.whatsapp.net","limit":3},{"id":"6285173050739@s.whatsapp.net","limit":3},{"id":"6282223388994@s.whatsapp.net","limit":3},{"id":"6285156160176@s.whatsapp.net","limit":3},{"id":"62895396511811@s.whatsapp.net","limit":3},{"id":"62881026145249@s.whatsapp.net","limit":3},{"id":"6281226924775@s.whatsapp.net","limit":3},{"id":"6282211997145@s.whatsapp.net","limit":3},{"id":"6281290493785@s.whatsapp.net","limit":3},{"id":"6282366600041@s.whatsapp.net","limit":3},{"id":"62859106599183@s.whatsapp.net","limit":3},{"id":"6289693530770@s.whatsapp.net","limit":3},{"id":"6285827844254@s.whatsapp.net","limit":3},{"id":"6281218520873@s.whatsapp.net","limit":3},{"id":"6281317661153@s.whatsapp.net","limit":3},{"id":"6266373@s.whatsapp.net","limit":3},{"id":"6281584557037@s.whatsapp.net","limit":3},{"id":"120363029745109897@g.us","limit":3},{"id":"6285715190414@s.whatsapp.net","limit":3},{"id":"6282375575526@s.whatsapp.net","limit":3},{"id":"6285156798957@s.whatsapp.net","limit":3},{"id":"6285749131528@s.whatsapp.net","limit":3},{"id":"6281414052675@s.whatsapp.net","limit":3},{"id":"6281358429094@s.whatsapp.net","limit":3},{"id":"6285799643666@s.whatsapp.net","limit":3},{"id":"6289630822904@s.whatsapp.net","limit":3},{"id":"6285791194317@s.whatsapp.net","limit":3},{"id":"6281779468210@s.whatsapp.net","limit":3},{"id":"120363047126060618@g.us","limit":3},{"id":"6289643244936@s.whatsapp.net","limit":3},{"id":"6285362725582@s.whatsapp.net","limit":3},{"id":"6287733172779@s.whatsapp.net","limit":3},{"id":"6285156043024@s.whatsapp.net","limit":3},{"id":"6285655929109@s.whatsapp.net","limit":3},{"id":"120363027011900877@g.us","limit":3},{"id":"120363028534621088@g.us","limit":3},{"id":"62895338282977@s.whatsapp.net","limit":3},{"id":"6281390991114@s.whatsapp.net","limit":3},{"id":"6281266002147@s.whatsapp.net","limit":3},{"id":"6283827020540@s.whatsapp.net","limit":3},{"id":"120363043112128813@g.us","limit":3},{"id":"6281295912328@s.whatsapp.net","limit":3},{"id":"6281459084520@s.whatsapp.net","limit":3},{"id":"6285211577201@s.whatsapp.net","limit":3},{"id":"18489005130@s.whatsapp.net","limit":3},{"id":"6282325309451@s.whatsapp.net","limit":3},{"id":"628117800555@s.whatsapp.net","limit":3},{"id":"628973855129@s.whatsapp.net","limit":3},{"id":"6282151589595@s.whatsapp.net","limit":3},{"id":"62882019162322@s.whatsapp.net","limit":3},{"id":"6281359663696@s.whatsapp.net","limit":3},{"id":"6282246362546@s.whatsapp.net","limit":3},{"id":"6283899107810@s.whatsapp.net","limit":3},{"id":"6281414001169@s.whatsapp.net","limit":3},{"id":"6281280385638@s.whatsapp.net","limit":3},{"id":"62895351286085@s.whatsapp.net","limit":3},{"id":"6289671111708@s.whatsapp.net","limit":3},{"id":"6289632310915@s.whatsapp.net","limit":3},{"id":"6283878996820@s.whatsapp.net","limit":3},{"id":"6281274370645@s.whatsapp.net","limit":3},{"id":"6289615329877@s.whatsapp.net","limit":3},{"id":"6283874676248@s.whatsapp.net","limit":3},{"id":"6288290694407@s.whatsapp.net","limit":3},{"id":"6283111543334@s.whatsapp.net","limit":3},{"id":"120363040610525967@g.us","limit":3},{"id":"6281225379921@s.whatsapp.net","limit":3},{"id":"120363047796856051@g.us","limit":3},{"id":"120363044684579643@g.us","limit":3},{"id":"6285157792618@s.whatsapp.net","limit":3},{"id":"6283152615606@s.whatsapp.net","limit":3},{"id":"6282180481698@s.whatsapp.net","limit":3},{"id":"120363030844044630@g.us","limit":3},{"id":"6289652685366@s.whatsapp.net","limit":3}]