[{"id":"6285156798957@s.whatsapp.net","name":"#DUNS-3jQDq","seri":"rV1sAKiQRG","time":"07/12/22 20:00:25","moderator":false},{"id":"6285156874250@s.whatsapp.net","name":"#DUNS-nHMim","seri":"m1LpgTak1f","time":"07/12/22 20:01:32","moderator":false},{"id":"6281459084520@s.whatsapp.net","name":"#DUNS-XWd8v","seri":"SyL2WZO1pw","time":"07/12/22 20:24:43","moderator":false},{"id":"6282375575526@s.whatsapp.net","name":"#DUNS-hcfvr","seri":"VSgrXdeb2U","time":"07/12/22 20:38:35","moderator":false},{"id":"18489005130@s.whatsapp.net","name":"#DUNS-gOhmL","seri":"OExST83HhX","time":"07/12/22 21:07:50","moderator":false},{"id":"6282183526140@s.whatsapp.net","name":"#DUNS-SOGY6","seri":"hbmQopcaQa","time":"07/12/22 21:17:02","moderator":false},{"id":"6285211577201@s.whatsapp.net","name":"#DUNS-Qclsb","seri":"QwR3owBvAZ","time":"07/12/22 21:31:59","moderator":false},{"id":"62895600000048@s.whatsapp.net","name":"#DUNS-cWFxg","seri":"TYNZu8XlP0","time":"07/12/22 21:41:19","moderator":false},{"id":"62816576114@s.whatsapp.net","name":"#DUNS-EBwpS","seri":"BaGJHMqckT","time":"07/12/22 21:41:34","moderator":false},{"id":"6282325309451@s.whatsapp.net","name":"#DUNS-zs8Tc","seri":"wvqQqgQR0Z","time":"07/12/22 22:26:04","moderator":false},{"id":"6289601333540@s.whatsapp.net","name":"#DUNS-YESbV","seri":"n8Yc9azBDK","time":"07/12/22 22:36:40","moderator":false},{"id":"6281349765516@s.whatsapp.net","name":"#DUNS-s1DHY","seri":"Tfan5PjBj8","time":"07/12/22 22:55:03","moderator":false},{"id":"6281286696149@s.whatsapp.net","name":"#DUNS-efSZZ","seri":"2Q8SPdrRT6","time":"07/12/22 23:19:55","moderator":false},{"id":"628117800555@s.whatsapp.net","name":"#DUNS-X4KAO","seri":"aL3flug1ng","time":"07/12/22 23:47:01","moderator":false},{"id":"6285721132519@s.whatsapp.net","name":"#DUNS-regWe","seri":"g4NiRF1anE","time":"08/12/22 06:59:02","moderator":false},{"id":"6282151589595@s.whatsapp.net","name":"#DUNS-U6rs6","seri":"eLeKyvrpoB","time":"09/12/22 08:00:36","moderator":false},{"id":"62882019162322@s.whatsapp.net","name":"#DUNS-yCh0y","seri":"Q9D9McvhWh","time":"09/12/22 09:45:40","moderator":false},{"id":"6281359663696@s.whatsapp.net","name":"#DUNS-ypzNK","seri":"eHtk0fwjmV","time":"10/12/22 06:02:40","moderator":false},{"id":"6282246362546@s.whatsapp.net","name":"#DUNS-ufu9y","seri":"bghlb8OaTi","time":"10/12/22 06:06:34","moderator":false},{"id":"6281414001169@s.whatsapp.net","name":"#DUNS-ew7sa","seri":"QbYQOFtxBP","time":"10/12/22 07:39:28","moderator":false},{"id":"6281280385638@s.whatsapp.net","name":"#DUNS-3P7ct","seri":"9IJkuu0cxT","time":"10/12/22 08:11:01","moderator":false},{"id":"62895351286085@s.whatsapp.net","name":"#DUNS-46TFV","seri":"CI8WL2YMwl","time":"11/12/22 10:33:03","moderator":false},{"id":"6285835677489@s.whatsapp.net","name":"#DUNS-cY8sc","seri":"A8ilaa562A","time":"12/12/22 13:48:21","moderator":false},{"id":"6289671111708@s.whatsapp.net","name":"#DUNS-Y5OdA","seri":"G36GcR9wKf","time":"15/12/22 07:30:31","moderator":false},{"id":"6289632310915@s.whatsapp.net","name":"#DUNS-twHb8","seri":"7pSzQclDR9","time":"15/12/22 11:25:07","moderator":false},{"id":"6283878996820@s.whatsapp.net","name":"#DUNS-U059o","seri":"QRd2UknHpD","time":"15/12/22 14:51:22","moderator":false},{"id":"6281274370645@s.whatsapp.net","name":"#DUNS-EHV9v","seri":"rAXJdMIg78","time":"15/12/22 16:12:32","moderator":false},{"id":"6289633070189@s.whatsapp.net","name":"#DUNS-Uufbm","seri":"Syk5XDv5pw","time":"15/12/22 16:50:53","moderator":false},{"id":"6289615329877@s.whatsapp.net","name":"#DUNS-yNW9q","seri":"hqfOFilcCE","time":"15/12/22 17:52:07","moderator":false},{"id":"6283874676248@s.whatsapp.net","name":"#DUNS-pI1DD","seri":"BI80rC2jxV","time":"17/12/22 06:07:51","moderator":false},{"id":"6285155456647@s.whatsapp.net","name":"#DUNS-nTAQy","seri":"Aga65n5W5N","time":"17/12/22 09:10:08","moderator":false},{"id":"6282121216644@s.whatsapp.net","name":"#DUNS-slj69","seri":"BWINjbpj5q","time":"17/12/22 10:38:58","moderator":false},{"id":"6288290694407@s.whatsapp.net","name":"#DUNS-AvNPl","seri":"n60SuJ9ii9","time":"17/12/22 11:33:21","moderator":false},{"id":"6283111543334@s.whatsapp.net","name":"#DUNS-ccHqz","seri":"sekGQR15nT","time":"17/12/22 18:37:29","moderator":false},{"id":"6282223334912@s.whatsapp.net","name":"#DUNS-6FqZE","seri":"4IIAdRie4B","time":"18/12/22 16:05:16","moderator":false},{"id":"6285756713318@s.whatsapp.net","name":"#DUNS-b7OGP","seri":"ApxsnCkqKk","time":"18/12/22 16:24:02","moderator":false},{"id":"6287727650294@s.whatsapp.net","name":"#DUNS-Ea7eA","seri":"YxefRHCEHx","time":"23/12/22 04:21:54","moderator":false},{"id":"6281225379921@s.whatsapp.net","name":"#DUNS-jmd5E","seri":"hdhjhy8ELw","time":"25/12/22 11:20:29","moderator":false},{"id":"6281231951874@s.whatsapp.net","name":"#DUNS-Zw1HR","seri":"FMwTF5VE0w","time":"25/12/22 12:41:14","moderator":false},{"id":"6283199712022@s.whatsapp.net","name":"#DUNS-1CWBJ","seri":"OnzduVAlYI","time":"25/12/22 13:05:11","moderator":false},{"id":"6285715190414@s.whatsapp.net","name":"#DUNS-Um0PE","seri":"uuZCHmyszJ","time":"25/12/22 13:34:13","moderator":false},{"id":"6287777274655@s.whatsapp.net","name":"#DUNS-F2Thk","seri":"MISTriRaYi","time":"25/12/22 14:04:56","moderator":false},{"id":"6285692625931@s.whatsapp.net","name":"#DUNS-185sv","seri":"iy6fkqmsK4","time":"25/12/22 14:25:00","moderator":false},{"id":"6283892323593@s.whatsapp.net","name":"#DUNS-ZpwY7","seri":"rGJEGDUbGl","time":"27/12/22 11:15:43","moderator":false},{"id":"6285157792618@s.whatsapp.net","name":"#DUNS-1iMo9","seri":"CXmFhIG4d6","time":"29/12/22 11:22:13","moderator":false},{"id":"6283152615606@s.whatsapp.net","name":"#DUNS-rJN1h","seri":"wMT4TFlVWC","time":"01/01/23 01:26:09","moderator":false},{"id":"6282180481698@s.whatsapp.net","name":"#DUNS-tjpxE","seri":"bEvPfeV0Fw","time":"03/01/23 07:53:14","moderator":false},{"id":"66995476708@s.whatsapp.net","name":"#DUNS-5CB4d","seri":"A9tEfoPlIe","time":"06/01/23 14:08:59","moderator":false},{"id":"6289652685366@s.whatsapp.net","name":"#DUNS-6MtQq","seri":"Yr6ESTAZPS","time":"11/01/23 11:34:36","moderator":false},{"id":"6285724966588@s.whatsapp.net","name":"#DUNS-5E5EK","seri":"rABrF44xzf","time":"11/01/23 12:53:08","moderator":false},{"id":"6281315987770@s.whatsapp.net","name":"#DUNS-CGipx","seri":"jaNSnMzIA2","time":"11/01/23 13:02:22","moderator":false},{"id":"6281235693099@s.whatsapp.net","name":"#DUNS-iSfu1","seri":"Ke9mGs4AZg","time":"11/01/23 16:20:48","moderator":false}]